country,1960,1961,1962,1963,1964,1965,1966,1967,1968,1969,1970,1971,1972,1973,1974,1975,1976,1977,1978,1979,1980,1981,1982,1983,1984,1985,1986,1987,1988,1989,1990,1991,1992,1993,1994,1995,1996,1997,1998,1999,2000,2001,2002,2003,2004,2005,2006,2007,2008,2009,2010,2011,2012,2013,2014,2015,2016,2017,2018,2019
Afghanistan,0.161,0.166,0.191,0.142,0.139,0.113,0.0841,0.0518,0.0647,0.0647,0.0546,0.0546,0.0655,0.0731,0.0876,0.0977,0.137,0.124,0.139,,,,,,,,,,,,,,,,,,,,,,,,0.126,0.128,0.19,0.232,0.264,0.201,0.19,0.18,0.18,0.167,0.169,0.173,0.182,0.195,0.178,0.192,0.19,0.178
Albania,,,,,,,,,,,,,,,,,,,,,0.358,0.364,0.393,0.374,0.329,0.339,0.32,0.295,0.3,0.329,0.304,0.076,0.0566,0.137,0.189,0.213,0.181,0.167,0.197,0.197,0.308,0.35,0.353,0.339,0.342,0.369,0.357,0.345,0.358,0.346,0.303,0.314,0.283,0.281,0.257,0.258,0.252,0.251,,
Algeria,0.422,0.472,0.354,0.289,0.218,0.226,0.173,0.234,0.279,0.324,0.366,0.353,0.343,0.403,0.4,0.454,0.434,0.469,0.522,0.425,0.391,0.37,0.373,0.376,0.352,0.346,0.336,0.276,0.276,0.301,0.286,0.318,0.308,0.291,0.301,0.309,0.257,0.224,0.271,0.262,0.236,0.268,0.307,0.303,0.333,0.317,0.302,0.345,0.373,0.469,0.414,0.381,0.392,0.434,0.456,0.508,0.508,0.48,0.471,0.443
Angola,,,,,,,,,,,,,,,,,,,,,,,,,,0,0,0,0,0,0,,,,,,,,,,0.305,0.305,0.305,0.305,0.309,0.276,0.233,0.257,0.308,0.428,0.282,0.264,0.267,0.261,0.275,0.342,0.272,0.241,0.179,
Argentina,0.235,0.278,0.217,0.183,0.215,0.224,0.205,0.212,0.217,0.24,0.244,0.241,0.239,0.209,0.223,0.294,0.307,0.309,0.278,0.259,0.253,0.227,0.218,0.209,0.2,0.176,0.175,0.196,0.186,0.155,0.14,0.146,0.167,0.197,0.2,0.185,0.196,0.208,0.21,0.179,0.175,0.156,0.109,0.141,0.176,0.189,0.187,0.201,0.196,0.161,0.177,0.184,0.165,0.173,0.173,0.171,0.177,0.188,0.21,0.182
Armenia,,,,,,,,,,,,,,,,,,,,,,,,,,,,,,,0.471,0.398,0.0163,0.0987,0.279,0.208,0.211,0.233,0.227,0.208,0.219,0.229,0.254,0.283,0.291,0.358,0.422,0.444,0.479,0.411,0.388,0.319,0.253,0.223,0.209,0.207,0.18,0.193,0.224,0.174
Australia,0.316,0.332,0.285,0.309,0.307,0.336,0.327,0.33,0.33,0.337,0.33,0.321,0.305,0.284,0.306,0.268,0.265,0.27,0.259,0.279,0.271,0.287,0.299,0.253,0.267,0.281,0.285,0.274,0.28,0.297,0.29,0.243,0.224,0.236,0.243,0.26,0.249,0.249,0.257,0.262,0.263,0.235,0.245,0.26,0.272,0.276,0.276,0.276,0.287,0.274,0.269,0.265,0.277,0.279,0.267,0.263,0.254,0.241,0.245,0.233
Austria,,,,,,,,,,,0.31,0.31,0.32,0.322,0.325,0.272,0.285,0.297,0.265,0.293,0.288,0.269,0.246,0.23,0.238,0.244,0.237,0.241,0.256,0.265,0.267,0.269,0.262,0.252,0.261,0.268,0.263,0.262,0.261,0.261,0.259,0.252,0.236,0.244,0.241,0.238,0.236,0.246,0.245,0.228,0.226,0.241,0.24,0.237,0.235,0.238,0.242,0.248,0.251,0.254
Azerbaijan,,,,,,,,,,,,,,,,,,,,,,,,,,,,,,,0.265,0.0311,-0.00693,0.218,0.153,0.238,0.29,0.342,0.334,0.265,0.207,0.207,0.346,0.532,0.58,0.415,0.299,0.215,0.187,0.189,0.181,0.203,0.223,0.257,0.275,0.279,0.257,0.244,0.201,0.201
Bahamas,,,,,,,,,,,,,,,,,,0.125,0.113,0.128,0.183,0.188,0.215,0.203,0.163,0.192,0.184,0.188,,0.315,0.294,0.294,0.279,0.233,0.259,0.277,0.305,0.291,0.321,0.288,0.302,0.269,0.242,0.243,0.232,0.273,0.335,0.305,0.295,0.281,0.28,0.302,0.313,0.289,0.323,0.248,0.245,0.271,0.245,
Bahrain,,,,,,,,,,,,,,,,,,,,,0.461,0.416,0.363,0.439,0.426,0.356,0.266,0.255,0.202,0.246,0.164,0.286,0.294,0.183,0.196,0.146,0.144,0.174,0.214,0.0791,0.166,0.157,0.233,0.237,0.205,0.267,0.304,0.347,0.349,0.261,0.273,0.224,0.281,0.259,0.268,0.255,0.291,0.33,0.364,
Bangladesh,0.0689,0.0773,0.12,0.0986,0.12,0.115,0.0902,0.107,0.142,0.125,0.113,0.0823,0.047,0.0871,0.0737,0.0615,0.0991,0.115,0.115,0.112,0.144,0.172,0.174,0.166,0.165,0.158,0.162,0.155,0.157,0.161,0.165,0.169,0.173,0.179,0.184,0.191,0.207,0.218,0.221,0.227,0.238,0.242,0.243,0.247,0.25,0.258,0.261,0.262,0.262,0.262,0.262,0.274,0.283,0.284,0.286,0.289,0.297,0.305,0.312,0.316
Barbados,,,,,,,,,,,,,,,,0.192,0.27,0.24,0.229,0.235,0.208,0.234,0.192,0.169,0.138,0.131,0.136,0.136,0.149,0.163,0.149,0.134,0.0703,0.0959,0.111,0.121,0.121,0.154,0.189,0.195,0.181,0.156,0.174,0.183,0.192,0.189,0.213,0.19,0.183,0.17,0.159,0.171,0.162,0.165,0.165,0.169,0.164,0.156,0.143,0.157
Belarus,,,,,,,,,,,,,,,,,,,,,,,,,,,,,,,0.265,0.333,0.315,0.41,0.329,0.247,0.235,0.268,0.267,0.237,0.254,0.238,0.222,0.25,0.287,0.285,0.322,0.341,0.376,0.369,0.407,0.372,0.351,0.388,0.348,0.29,0.265,0.28,0.281,0.29
Belgium,,,,,,,,,,,0.297,0.286,0.266,0.276,0.303,0.266,0.27,0.266,0.264,0.26,0.266,0.226,0.216,0.188,0.198,0.19,0.186,0.196,0.219,0.235,0.243,0.228,0.226,0.219,0.22,0.218,0.216,0.223,0.223,0.227,0.238,0.226,0.207,0.21,0.227,0.237,0.24,0.246,0.259,0.222,0.231,0.245,0.237,0.224,0.231,0.236,0.242,0.241,0.255,0.253
Belize,,,,,,,,,,,,,,,,,,,,,0.233,0.251,0.193,0.196,0.232,0.217,0.201,0.21,0.241,0.296,0.249,0.274,0.261,0.284,0.206,0.217,0.204,0.202,0.191,0.246,0.317,0.249,0.24,0.206,0.197,0.212,0.194,0.199,0.259,0.194,0.155,0.155,0.15,0.178,0.18,0.206,0.214,0.187,0.19,0.19
Benin,0.114,0.11,0.111,0.116,0.0973,0.0878,0.0878,0.118,0.124,0.127,0.116,0.103,0.134,0.131,0.182,0.193,0.167,0.178,0.161,0.19,0.152,0.157,0.276,0.173,0.128,0.0894,0.135,0.129,0.156,0.118,0.141,0.145,0.136,0.161,0.178,0.214,0.176,0.185,0.182,0.182,0.16,0.178,0.148,0.152,0.152,0.121,0.129,0.164,0.137,0.149,0.156,0.165,0.153,0.189,0.193,0.207,0.203,0.24,0.264,0.256
Bhutan,,,,,,,,,,,,,,,,,,,,,0.299,0.321,0.352,0.385,0.375,0.435,0.417,0.369,0.384,0.324,0.304,0.31,0.456,0.435,0.513,0.454,0.423,0.327,0.348,0.388,0.503,0.626,0.621,0.607,0.649,0.535,0.477,0.3,0.44,0.469,0.632,0.693,0.695,0.471,0.531,0.555,0.57,0.519,0.475,
Bolivia,,,,,,,,,,,0.164,0.168,0.201,0.204,0.146,0.23,0.192,0.192,0.247,0.208,0.171,0.16,0.156,0.132,0.197,0.195,0.136,0.136,0.14,0.116,0.125,0.156,0.167,0.166,0.144,0.152,0.162,0.196,0.236,0.188,0.181,0.143,0.163,0.132,0.11,0.143,0.139,0.152,0.176,0.17,0.17,0.198,0.177,0.19,0.21,0.203,0.211,0.222,0.206,0.199
Bosnia and Herzegovina,,,,,,,,,,,,,,,,,,,,,,,,,,,,,,,,,,,,0.2,0.412,0.42,0.38,0.28,0.206,0.191,0.186,0.188,0.266,0.272,0.216,0.258,0.271,0.198,0.163,0.187,0.192,0.182,0.191,0.187,0.196,0.21,0.209,0.213
Botswana,0.0602,0.074,0.088,0.0981,0.123,0.133,0.218,0.254,0.307,0.383,0.453,0.504,0.509,0.509,0.479,0.419,0.338,0.335,0.364,0.372,0.401,0.434,0.377,0.294,0.294,0.23,0.215,0.155,0.236,0.361,0.374,0.332,0.304,0.288,0.26,0.271,0.234,0.241,0.379,0.256,0.296,0.299,0.302,0.301,0.315,0.272,0.259,0.308,0.362,0.389,0.414,0.386,0.388,0.294,0.282,0.326,0.27,0.276,0.294,0.332
Brazil,0.197,0.214,0.196,0.193,0.186,0.2,0.199,0.169,0.189,0.224,0.205,0.211,0.212,0.232,0.254,0.268,0.231,0.221,0.23,0.228,0.233,0.231,0.211,0.167,0.157,0.192,0.191,0.223,0.227,0.269,0.202,0.198,0.189,0.208,0.23,0.173,0.173,0.178,0.182,0.174,0.189,0.187,0.174,0.169,0.179,0.172,0.178,0.198,0.216,0.188,0.218,0.218,0.214,0.217,0.205,0.174,0.15,0.146,0.148,0.151
Brunei,,,,,,,,,,,,,,,,,,,,,,,,,,,,,,0.186,0.187,0.206,0.233,0.297,0.287,0.367,0.413,0.355,0.338,0.214,0.131,0.144,0.213,0.151,0.135,0.114,0.104,0.13,0.137,0.176,0.237,0.26,0.329,0.396,0.274,0.352,0.346,0.348,0.411,0.387
Bulgaria,,,,,,,,,,,,,,,,,,,,,0.34,0.355,0.341,0.329,0.332,0.322,0.359,0.329,0.344,0.331,0.256,0.226,0.199,0.153,0.0939,0.177,0.0116,0.0973,0.187,0.198,0.19,0.214,0.205,0.221,0.234,0.277,0.321,0.336,0.37,0.286,0.227,0.215,0.22,0.211,0.216,0.211,0.19,0.199,0.213,0.195
Burkina Faso,0.0852,0.0865,0.0871,0.088,0.0964,0.0871,0.0797,0.0802,0.0827,0.0961,0.103,0.149,0.173,0.206,0.255,0.231,0.228,0.196,0.183,0.164,0.151,0.141,0.179,0.171,0.142,0.23,0.201,0.192,0.188,0.204,0.189,0.212,0.193,0.195,0.272,0.239,0.249,0.274,0.242,0.165,0.155,0.128,0.139,0.172,0.176,0.194,0.172,0.188,0.213,0.205,0.223,0.225,0.249,0.241,0.195,0.189,0.189,0.236,0.262,0.26
Burundi,0.0625,0.069,0.0738,0.0602,0.0537,0.0577,0.0677,0.0685,0.0819,0.0829,0.0453,0.0761,0.0318,0.0531,0.0405,0.0758,0.0909,0.112,0.14,0.149,0.139,0.17,0.145,0.228,0.184,0.139,0.116,0.226,0.15,0.165,0.145,0.144,0.106,0.115,0.0697,0.0636,0.0821,0.061,0.0677,0.0588,0.0278,0.0447,0.0395,0.0787,0.103,0.182,0.185,0.152,0.134,0.19,0.172,0.163,0.163,0.146,0.142,0.122,0.0919,0.0881,0.111,0.123
Cambodia,0.202,0.178,0.182,0.176,0.157,0.135,0.181,0.148,0.142,0.139,0.125,,,,,,,,,,,,,,,,,,,,,,,0.119,0.119,0.146,0.147,0.15,0.118,0.17,0.174,0.187,0.181,0.201,0.162,0.185,0.225,0.212,0.186,0.214,0.174,0.171,0.185,0.2,0.221,0.225,0.227,0.229,0.234,0.242
Cameroon,,,,,,0.125,0.133,0.138,0.134,0.107,0.16,0.166,0.182,0.199,0.171,0.2,0.176,0.285,0.312,0.285,0.21,0.272,0.248,0.26,0.259,0.249,0.255,0.247,0.209,0.171,0.178,0.167,0.143,0.167,0.197,0.201,0.206,0.213,0.212,0.203,0.2,0.227,0.228,0.227,0.224,0.22,0.209,0.208,0.241,0.237,0.232,0.241,0.228,0.231,0.241,0.224,0.226,0.229,0.228,0.242
Canada,,0.227,0.233,0.231,0.241,0.265,0.272,0.245,0.235,0.243,0.222,0.232,0.232,0.244,0.259,0.249,0.252,0.244,0.236,0.252,0.238,0.254,0.2,0.203,0.21,0.216,0.218,0.223,0.236,0.237,0.214,0.194,0.184,0.185,0.196,0.194,0.19,0.213,0.211,0.208,0.207,0.197,0.198,0.205,0.215,0.227,0.237,0.24,0.241,0.22,0.235,0.242,0.249,0.249,0.249,0.238,0.228,0.235,0.231,0.227
Cape Verde,,,,,,,,,,,,,,,,,,,,,,,,,,,,,,,,,,,,,,,,,,,,,,,,0.498,0.485,0.438,0.476,0.475,0.372,0.316,0.37,0.302,0.353,0.382,0.394,0.353
Central African Republic,0.196,0.212,0.233,0.218,0.221,0.214,0.211,0.218,0.162,0.164,0.18,0.187,0.184,0.208,0.155,0.138,0.12,0.116,0.109,0.0979,0.0701,0.0874,0.0667,0.118,0.123,0.154,0.128,0.126,0.105,0.118,0.127,0.126,0.124,0.106,0.117,0.141,0.0728,0.101,0.11,0.13,0.111,0.102,0.0962,0.064,0.0681,0.0986,0.102,0.107,0.127,0.132,0.168,0.137,0.108,0.0752,0.22,0.218,0.225,0.256,0.259,0.232
Chad,0.136,0.148,0.117,0.151,0.15,0.11,0.132,0.157,0.15,0.169,0.161,0.159,0.148,0.152,0.185,0.205,0.171,0.185,0.162,,,,0.0316,0.0273,0.0483,0.073,0.0813,0.0913,0.0704,0.0803,0.0675,0.0654,0.0747,0.0976,0.166,0.132,0.203,0.195,0.169,0.137,0.233,0.403,0.602,0.521,0.243,0.207,0.222,0.223,0.219,0.302,0.345,0.285,0.311,0.293,0.338,0.285,0.244,0.213,0.209,0.214
Chile,0.141,0.155,0.127,0.153,0.146,0.155,0.168,0.166,0.17,0.157,0.171,0.152,0.128,0.0855,0.222,0.14,0.136,0.153,0.189,0.187,0.221,0.234,0.117,0.122,0.193,0.17,0.189,0.224,0.231,0.258,0.259,0.236,0.252,0.281,0.257,0.277,0.278,0.278,0.269,0.209,0.221,0.224,0.223,0.21,0.198,0.218,0.208,0.208,0.268,0.211,0.231,0.246,0.264,0.256,0.232,0.238,0.222,0.213,0.223,0.228
China,0.396,0.228,0.157,0.218,0.243,0.271,0.305,0.239,0.249,0.25,0.329,0.336,0.312,0.33,0.332,0.35,0.332,0.339,0.376,0.363,0.346,0.329,0.32,0.319,0.344,0.391,0.377,0.373,0.391,0.372,0.342,0.352,0.391,0.433,0.401,0.388,0.375,0.355,0.348,0.341,0.336,0.355,0.362,0.396,0.418,0.403,0.399,0.405,0.423,0.454,0.466,0.467,0.462,0.464,0.458,0.432,0.426,0.43,0.438,
Colombia,0.203,0.205,0.181,0.177,0.175,0.147,0.191,0.17,0.191,0.179,0.202,0.194,0.181,0.183,0.215,0.17,0.176,0.188,0.183,0.182,0.191,0.206,0.205,0.199,0.19,0.19,0.18,0.2,0.22,0.2,0.206,0.191,0.206,0.249,0.255,0.258,0.222,0.209,0.197,0.129,0.149,0.16,0.173,0.187,0.194,0.217,0.229,0.235,0.237,0.22,0.219,0.23,0.221,0.222,0.24,0.238,0.232,0.216,0.213,0.223
Comoros,,,,,,,,,,,,,,,,,,,,,0.18,0.18,0.18,0.18,0.18,0.18,0.18,0.18,0.18,0.18,0.18,0.18,0.18,0.18,0.18,0.18,0.18,0.18,0.18,0.18,0.18,0.18,0.18,0.18,0.18,0.18,0.18,0.169,0.192,0.18,0.182,0.16,0.162,0.164,0.152,0.136,0.126,0.134,0.15,
"Congo, Dem. Rep.",,,,,,,,,,,,,,,,,,,,,,,,,,,,,,,,0,,,0.0754,0.0937,0.279,0.025,0.021,0.0307,0.144,0.067,0.0744,0.0952,0.123,0.118,0.146,0.137,0.109,0.146,0.288,0.249,0.143,0.218,0.232,0.185,0.37,0.25,0.209,0.253
"Congo, Rep.",0.532,0.647,0.363,0.227,0.203,0.224,0.303,0.315,0.296,0.267,0.242,0.266,0.291,0.32,0.351,0.391,0.31,0.266,0.273,0.26,0.358,0.482,0.597,0.384,0.304,0.303,0.295,0.197,0.186,0.141,0.159,0.205,0.216,0.295,0.545,0.366,0.328,0.222,0.267,0.278,0.226,0.264,0.234,0.261,0.225,0.202,0.216,0.218,0.183,0.225,0.205,0.253,0.26,0.309,0.413,0.409,0.278,0.218,0.191,0.188
Costa Rica,0.175,0.189,0.195,0.188,0.16,0.195,0.191,0.194,0.18,0.2,0.205,0.243,0.22,0.24,0.267,0.216,0.237,0.243,0.235,0.253,0.266,0.29,0.247,0.242,0.227,0.259,0.252,0.271,0.245,0.266,0.273,0.187,0.207,0.213,0.21,0.197,0.179,0.203,0.228,0.211,0.207,0.201,0.199,0.19,0.19,0.191,0.212,0.235,0.249,0.184,0.197,0.199,0.205,0.19,0.188,0.184,0.184,0.193,0.196,0.179
Cote d'Ivoire,0.167,0.198,0.139,0.178,0.218,0.219,0.218,0.198,0.178,0.195,0.225,0.218,0.209,0.232,0.22,0.224,0.23,0.273,0.298,0.28,0.265,0.259,0.232,0.184,0.117,0.13,0.121,0.123,0.127,0.089,0.0669,0.0736,0.0692,0.0979,0.137,0.156,0.121,0.144,0.135,0.133,0.105,0.105,0.0936,0.0908,0.101,0.139,0.106,0.127,0.121,0.087,0.134,0.047,0.161,0.207,0.197,0.235,0.217,0.201,0.214,0.21
Croatia,,,,,,,,,,,,,,,,,,,,,,,,,,,,,,,,,,,,0.169,0.202,0.257,0.217,0.213,0.204,0.219,0.247,0.281,0.269,0.27,0.292,0.293,0.309,0.253,0.211,0.201,0.19,0.196,0.191,0.206,0.21,0.218,0.232,0.228
Cuba,,,,,,,,,,,0.259,0.259,0.259,0.259,0.259,0.26,0.26,0.259,0.258,0.258,0.263,0.261,0.256,0.253,0.255,0.288,0.255,0.229,0.24,0.263,0.248,0.14,0.0654,0.0639,0.0524,0.0701,0.159,0.15,0.132,0.119,0.125,0.115,0.092,0.085,0.088,0.108,0.117,0.102,0.148,0.109,0.101,0.0847,0.0858,0.0939,0.0761,0.0939,0.0956,0.103,0.12,
Cyprus,,,,,,,,,,,,,,,,0.225,0.266,0.349,0.372,0.387,0.378,0.338,0.317,0.301,0.336,0.303,0.259,0.255,0.275,0.309,0.27,0.258,0.287,0.241,0.255,0.266,0.243,0.241,0.191,0.199,0.206,0.179,0.205,0.197,0.221,0.224,0.246,0.244,0.29,0.229,0.24,0.189,0.162,0.129,0.133,0.131,0.17,0.199,0.191,0.191
Czech Republic,,,,,,,,,,,,,,,,,,,,,,,,,,,,,,,0.242,0.222,0.253,0.264,0.297,0.337,0.356,0.323,0.303,0.292,0.314,0.315,0.301,0.29,0.293,0.291,0.3,0.321,0.311,0.265,0.271,0.27,0.262,0.247,0.259,0.28,0.26,0.259,0.263,0.263
Denmark,,,,,,,0.256,0.252,0.25,0.27,0.267,0.259,0.267,0.275,0.269,0.225,0.254,0.244,0.231,0.231,0.201,0.17,0.183,0.184,0.206,0.221,0.238,0.22,0.211,0.213,0.208,0.196,0.189,0.174,0.187,0.207,0.201,0.221,0.227,0.209,0.224,0.218,0.213,0.209,0.217,0.222,0.243,0.253,0.24,0.191,0.181,0.191,0.195,0.197,0.201,0.206,0.218,0.218,0.23,0.227
Djibouti,,,,,,,,,,,,,,,,,,,,,,,,,,,,,,,,,,,,,,,,,,,,,,,,,,,,,,0.569,0.0285,0.265,0.353,0.242,0.3,0.25
Dominican Republic,0.126,0.0887,0.119,0.16,0.183,0.0977,0.159,0.155,0.154,0.181,0.191,0.179,0.197,0.221,0.233,0.245,0.223,0.218,0.239,0.254,0.246,0.227,0.192,0.198,0.179,0.174,0.196,0.228,0.232,0.258,0.233,0.144,0.188,0.198,0.21,0.2,0.201,0.221,0.281,0.271,0.279,0.268,0.27,0.194,0.206,0.248,0.269,0.284,0.3,0.236,0.264,0.25,0.243,0.227,0.231,0.234,0.23,0.225,0.258,0.273
Ecuador,0.254,0.254,0.237,0.239,0.246,0.244,0.224,0.229,0.184,0.225,0.196,0.224,0.233,0.205,0.246,0.206,0.211,0.245,0.266,0.228,0.254,0.258,0.218,0.207,0.188,0.19,0.236,0.254,0.261,0.271,0.241,0.22,0.227,0.211,0.213,0.198,0.185,0.203,0.24,0.196,0.213,0.223,0.237,0.196,0.202,0.216,0.225,0.227,0.264,0.256,0.28,0.281,0.278,0.285,0.283,0.269,0.25,0.263,0.267,0.25
Egypt,0.154,0.161,0.179,0.185,0.194,0.169,0.164,0.141,0.13,0.107,0.146,0.129,0.113,0.132,0.189,0.259,0.216,0.24,0.286,0.322,0.275,0.321,0.289,0.308,0.304,0.298,0.295,0.26,0.331,0.317,0.289,0.237,0.195,0.198,0.206,0.201,0.181,0.176,0.215,0.216,0.196,0.183,0.18,0.169,0.169,0.18,0.187,0.209,0.224,0.192,0.195,0.171,0.16,0.142,0.136,0.143,0.15,0.153,0.167,
El Salvador,,,,,,0.152,0.166,0.148,0.115,0.131,0.132,0.156,0.142,0.183,0.226,0.221,0.196,0.234,0.261,0.181,0.133,0.142,0.132,0.121,0.12,0.108,0.133,0.124,0.128,0.153,0.138,0.155,0.188,0.19,0.204,0.209,0.154,0.151,0.187,0.173,0.177,0.177,0.171,0.184,0.181,0.186,0.201,0.208,0.202,0.141,0.167,0.178,0.177,0.17,0.164,0.16,0.16,0.167,0.203,0.191
Equatorial Guinea,,,,,,,,,,,,,,,,,,,,,,,,,,,,,,,,,,,,,,,,,,,,,,0.395,0.265,0.296,0.275,0.394,0.381,0.32,0.411,0.303,0.287,0.247,0.167,0.14,0.162,0.132
Eritrea,,,,,,,,,,,,,,,,,,,,,,,,,,,,,,,,,0.0781,0.17,0.251,0.225,0.276,0.313,0.323,0.455,0.22,0.353,0.295,0.265,0.203,0.203,0.137,0.127,0.127,0.0926,0.124,0.126,,,,,,,,
Estonia,,,,,,,,,,,,,,,,,,,,,,,,,,,,,,,,,,0.26,0.269,0.264,0.275,0.308,0.317,0.259,0.284,0.296,0.329,0.352,0.347,0.334,0.399,0.4,0.316,0.209,0.215,0.254,0.291,0.27,0.269,0.248,0.254,0.266,0.262,0.281
Eswatini,0.192,0.234,0.317,0.349,0.379,0.287,0.266,0.234,0.196,0.163,0.231,0.199,0.214,0.201,0.238,0.186,0.222,0.269,0.479,0.427,0.407,0.31,0.302,0.328,0.287,0.262,0.2,0.149,0.235,0.239,0.151,0.156,0.197,0.181,0.174,0.16,0.17,0.172,0.191,0.167,0.235,0.237,0.214,0.193,0.194,0.174,0.165,0.16,0.157,0.154,0.145,0.129,0.118,0.122,0.126,0.125,0.128,0.127,0.131,
Ethiopia,,,,,,,,,,,,,,,,,,,,,,0,0,0,0,0,0,0,0,0,0,0,0,0,0,0,0,0,0,0,0,0,0,0,0,0,0,0,0,0,0,0.321,0.371,0.341,0.38,0.407,0.373,0.384,0.347,0.352
Finland,,,,,,,,,,,0.318,0.319,0.294,0.309,0.37,0.362,0.292,0.28,0.244,0.278,0.312,0.284,0.287,0.284,0.272,0.269,0.261,0.268,0.291,0.32,0.301,0.241,0.211,0.186,0.198,0.203,0.202,0.218,0.23,0.224,0.239,0.232,0.221,0.222,0.229,0.246,0.24,0.256,0.252,0.215,0.221,0.24,0.234,0.223,0.219,0.217,0.232,0.239,0.251,0.24
France,0.256,0.253,0.26,0.26,0.275,0.272,0.28,0.28,0.275,0.284,0.282,0.274,0.277,0.282,0.291,0.249,0.265,0.256,0.243,0.249,0.257,0.235,0.238,0.218,0.212,0.212,0.218,0.223,0.233,0.243,0.244,0.236,0.22,0.195,0.203,0.205,0.196,0.195,0.207,0.214,0.225,0.222,0.213,0.212,0.219,0.225,0.232,0.242,0.241,0.213,0.219,0.232,0.226,0.223,0.227,0.227,0.226,0.234,0.239,0.242
Gabon,,,,,,,,,,,0.32,0.32,0.481,0.376,0.518,0.627,0.735,0.581,0.35,0.329,0.275,0.364,0.35,0.352,0.33,0.42,0.464,0.264,0.375,0.263,0.217,0.265,0.224,0.224,0.219,0.233,0.248,0.308,0.396,0.262,0.219,0.227,0.251,0.226,0.215,0.214,0.24,0.249,0.251,0.28,0.297,0.266,0.27,0.292,0.351,0.292,0.27,0.214,0.218,0.224
Gambia,,,,,,,0.0818,0.0919,0.106,0.1,0.0689,0.0559,0.0723,0.0812,0.0596,0.0855,0.118,0.133,0.231,0.291,0.267,0.253,0.225,0.189,0.183,0.151,0.166,0.171,0.164,0.204,0.223,0.203,0.248,0.0528,0.0469,0.069,0.0678,0.0518,0.0488,0.0476,0.0456,0.112,0.0728,0.1,0.143,0.138,0.157,0.126,0.105,0.129,0.139,0.129,0.209,0.146,0.151,0.127,0.155,0.17,0.17,0.185
Georgia,,,,,,,,,,,,,,,,,,,,,0.292,0.252,0.262,0.311,0.329,0.343,0.299,0.289,0.308,0.278,0.307,0.281,0.234,0.06,0.0265,0.0403,0.196,0.178,0.272,0.265,0.266,0.303,0.285,0.291,0.31,0.333,0.297,0.335,0.277,0.14,0.205,0.222,0.259,0.21,0.254,0.263,0.302,0.273,0.281,0.268
Germany,,,,,,,,,,,0.327,0.318,0.306,0.293,0.265,0.244,0.256,0.252,0.255,0.274,0.272,0.246,0.232,0.239,0.237,0.231,0.231,0.225,0.233,0.242,0.248,0.258,0.253,0.239,0.243,0.243,0.233,0.234,0.24,0.24,0.245,0.23,0.208,0.204,0.198,0.195,0.206,0.214,0.214,0.186,0.201,0.216,0.197,0.201,0.204,0.2,0.202,0.207,0.218,0.216
Ghana,0.244,0.201,0.171,0.187,0.195,0.179,0.128,0.103,0.111,0.118,0.142,0.141,0.071,0.0903,0.13,0.127,,,,,,,,0.0375,0.0688,0.0957,0.0936,0.104,0.113,0.132,0.144,0.159,0.128,0.222,0.24,0.2,0.212,0.248,0.231,0.21,0.24,0.266,0.197,0.229,0.284,0.29,0.23,0.154,0.165,0.164,0.131,0.128,0.17,0.265,0.295,0.3,0.279,0.223,0.246,0.264
Greece,0.165,0.223,0.234,0.271,0.318,0.348,0.314,0.295,0.321,0.368,0.365,0.38,0.417,0.483,0.383,0.364,0.382,0.337,0.328,0.321,0.306,0.25,0.298,0.286,0.298,0.313,0.303,0.231,0.266,0.269,0.276,0.284,0.254,0.242,0.228,0.225,0.234,0.224,0.252,0.241,0.258,0.257,0.247,0.274,0.253,0.221,0.262,0.271,0.245,0.183,0.17,0.151,0.128,0.116,0.119,0.102,0.115,0.125,0.131,0.125
Guatemala,0.103,0.0892,0.0878,0.106,0.128,0.133,0.108,0.129,0.151,0.114,0.128,0.144,0.121,0.137,0.186,0.161,0.214,0.2,0.216,0.187,0.159,0.17,0.141,0.111,0.116,0.115,0.103,0.139,0.137,0.135,0.136,0.143,0.183,0.172,0.157,0.151,0.127,0.137,0.174,0.174,0.178,0.197,0.206,0.203,0.208,0.197,0.208,0.208,0.164,0.131,0.139,0.152,0.15,0.158,0.151,0.148,0.139,0.136,0.139,0.145
Guinea,,,,,,,,,,,,,,,,,,,,,,,,,,,0.149,0.163,0.171,0.172,0.245,0.224,0.212,0.217,0.21,0.214,0.208,0.21,0.192,0.198,0.205,0.165,0.145,0.216,0.207,0.195,0.246,0.234,0.262,0.213,0.203,0.241,0.26,0.235,0.228,0.242,0.526,0.253,0.386,0.306
Guinea-Bissau,,,,,,,,,,,0.296,0.28,0.228,0.209,0.168,0.154,0.163,0.198,0.217,0.218,0.282,0.257,0.283,0.227,0.377,0.351,0.238,0.352,0.447,0.39,0.299,0.31,0.484,0.309,0.218,0.223,0.231,0.24,0.114,0.156,0.117,0.102,0.0742,0.0908,0.0882,0.11,0.0999,0.125,0.128,0.108,0.108,0.0993,0.067,0.0722,0.114,0.0809,0.0782,0.09,0.109,0.113
Guyana,0.283,0.24,0.166,0.169,0.161,0.222,0.239,0.258,0.223,0.208,0.228,0.186,0.198,0.272,0.264,0.331,0.375,0.291,0.205,0.31,0.328,0.314,0.25,0.214,0.274,0.358,0.401,0.311,0.211,0.222,0.311,0.398,0.518,0.404,0.272,0.332,0.319,0.319,0.289,0.25,0.238,0.216,0.209,0.21,0.235,0.248,0.284,0.247,0.24,0.262,0.209,0.187,0.167,0.0754,0.206,0.155,0.211,0.207,0.375,0.368
Haiti,,,,,,,,,,,,,,,,,,,,,,,,,,,,,0.177,0.188,0.199,0.244,0.221,0.138,0.102,0.261,0.281,0.245,0.26,0.277,0.273,0.259,0.251,0.307,0.273,0.274,0.294,0.305,0.288,0.275,0.254,0.279,0.295,0.303,0.309,0.324,0.305,0.29,0.29,0.276
Honduras,0.139,0.122,0.149,0.16,0.146,0.146,0.16,0.197,0.185,0.194,0.209,0.171,0.159,0.191,0.262,0.19,0.192,0.231,0.243,0.245,0.227,0.193,0.129,0.127,0.16,0.159,0.127,0.16,0.192,0.175,0.211,0.226,0.238,0.308,0.345,0.289,0.285,0.295,0.283,0.318,0.283,0.26,0.243,0.253,0.297,0.276,0.283,0.337,0.361,0.206,0.219,0.26,0.246,0.218,0.222,0.251,0.234,0.248,0.259,0.223
Hungary,,,,,,,,,,,,,,,,,,,,,,,,,,,,,,,,0.209,0.165,0.204,0.227,0.231,0.248,0.263,0.287,0.272,0.281,0.262,0.256,0.246,0.269,0.253,0.258,0.243,0.246,0.203,0.206,0.204,0.193,0.209,0.234,0.233,0.213,0.228,0.272,0.286
Iceland,,,,,,,,,,,0.278,0.371,0.316,0.36,0.404,0.394,0.32,0.334,0.276,0.279,0.301,0.298,0.312,0.234,0.258,0.231,0.205,0.23,0.232,0.209,0.211,0.223,0.201,0.188,0.178,0.182,0.207,0.217,0.259,0.236,0.25,0.229,0.198,0.213,0.248,0.295,0.362,0.3,0.262,0.15,0.139,0.155,0.161,0.154,0.173,0.196,0.212,0.22,0.22,0.201
India,0.157,0.148,0.164,0.157,0.159,0.179,0.183,0.157,0.144,0.161,0.167,0.176,0.161,0.191,0.192,0.19,0.192,0.196,0.232,0.224,0.211,0.208,0.21,0.2,0.21,0.227,0.221,0.24,0.251,0.261,0.286,0.24,0.253,0.244,0.272,0.278,0.26,0.281,0.266,0.293,0.267,0.267,0.272,0.295,0.361,0.381,0.389,0.419,0.379,0.401,0.402,0.396,0.383,0.34,0.343,0.321,0.302,0.308,0.317,0.302
Indonesia,0.0787,0.953,0.056,0.082,0.121,0.0669,0.0453,0.0801,0.088,0.117,0.136,0.158,0.188,0.179,0.168,0.203,0.207,0.201,0.205,0.209,0.209,0.214,0.226,0.294,0.249,0.253,0.276,0.272,0.291,0.307,0.327,0.319,0.302,0.283,0.296,0.304,0.316,0.303,0.274,0.221,0.222,0.225,0.214,0.256,0.241,0.251,0.254,0.249,0.278,0.31,0.329,0.33,0.351,0.338,0.346,0.341,0.339,0.337,0.346,0.338
Iran,0.251,0.252,0.244,0.192,0.266,0.319,0.342,0.341,0.414,0.402,0.406,0.348,0.401,0.351,0.31,0.414,0.481,0.484,0.391,0.25,0.479,0.401,0.268,0.363,0.33,0.243,0.222,0.201,0.171,0.23,0.33,0.422,0.422,0.304,0.233,0.302,0.378,0.355,0.339,0.325,0.351,0.353,0.391,0.421,0.46,0.387,0.386,0.397,0.418,0.409,0.403,0.369,0.403,0.387,0.399,0.34,0.332,0.347,,
Iraq,,,,,,,,,,,,,,,,,,,,,,,,,,,,,,,,,,,,,,,,,0.291,0.434,0.182,0.213,0.169,0.222,0.189,0.0934,0.152,0.113,0.159,0.155,0.134,0.269,0.257,0.247,0.208,0.167,0.129,
Ireland,,,,,,,,,,,0.24,0.235,0.246,0.263,0.284,0.229,0.249,0.274,0.285,0.324,0.273,0.278,0.272,0.233,0.223,0.196,0.184,0.167,0.163,0.184,0.215,0.196,0.166,0.155,0.165,0.189,0.205,0.222,0.241,0.247,0.245,0.243,0.241,0.257,0.272,0.303,0.319,0.292,0.246,0.202,0.172,0.171,0.202,0.187,0.222,0.257,0.374,0.334,0.238,0.438
Israel,,,,,,,,,,,0.291,0.318,0.319,0.328,0.31,0.31,0.261,0.239,0.262,0.27,0.235,0.222,0.242,0.246,0.23,0.195,0.191,0.195,0.185,0.179,0.2,0.259,0.257,0.263,0.257,0.258,0.259,0.249,0.232,0.236,0.228,0.225,0.207,0.195,0.197,0.205,0.205,0.214,0.202,0.184,0.188,0.211,0.213,0.201,0.205,0.2,0.212,0.215,0.218,
Italy,,,,,,,,,,,0.26,0.238,0.229,0.264,0.298,0.238,0.266,0.244,0.239,0.244,0.268,0.247,0.237,0.222,0.233,0.232,0.217,0.221,0.226,0.223,0.226,0.222,0.216,0.191,0.19,0.2,0.194,0.195,0.197,0.202,0.209,0.208,0.216,0.212,0.213,0.212,0.22,0.222,0.218,0.195,0.206,0.205,0.178,0.169,0.17,0.171,0.176,0.181,0.183,0.18
Jamaica,0.297,0.283,0.267,0.242,0.269,0.265,0.28,0.293,0.349,0.352,0.315,0.321,0.273,0.315,0.243,0.258,0.182,0.122,0.15,0.192,0.159,0.203,0.209,0.223,0.231,0.243,0.169,0.206,0.236,0.266,0.259,0.244,0.298,0.253,0.242,0.253,0.256,0.257,0.226,0.213,0.235,0.259,0.273,0.262,0.265,0.269,0.284,0.266,0.244,0.211,0.202,0.214,0.199,0.213,0.225,0.214,0.213,0.225,0.233,0.233
Japan,,,,,,,,,,,0.411,0.377,0.374,0.401,0.393,0.345,0.335,0.325,0.326,0.342,0.34,0.328,0.316,0.301,0.301,0.3,0.3,0.309,0.33,0.339,0.345,0.342,0.325,0.307,0.295,0.299,0.309,0.3,0.285,0.271,0.273,0.266,0.247,0.244,0.243,0.247,0.247,0.245,0.245,0.213,0.213,0.221,0.227,0.232,0.239,0.24,0.234,0.24,0.243,
Jordan,,,,,,,,,,,,,,,,,0.341,0.403,0.331,0.315,0.372,0.46,0.394,0.33,0.299,0.211,0.198,0.226,0.227,0.232,0.308,0.25,0.33,0.361,0.328,0.325,0.301,0.254,0.215,0.213,0.221,0.208,0.198,0.206,0.27,0.337,0.279,0.298,0.295,0.28,0.291,0.266,0.245,0.217,0.213,0.206,0.192,0.193,0.184,
Kazakhstan,,,,,,,,,,,,,,,,,,,,,,,,,,,,,,,,,0.315,0.2,0.287,0.233,0.161,0.156,0.158,0.178,0.181,0.269,0.273,0.257,0.263,0.31,0.339,0.355,0.275,0.294,0.254,0.23,0.252,0.246,0.258,0.279,0.278,0.264,0.253,0.27
Kenya,,,,,0.131,0.144,0.186,0.202,0.2,0.194,0.244,0.239,0.223,0.258,0.258,0.181,0.202,0.237,0.298,0.181,0.245,0.229,0.219,0.209,0.198,0.253,0.218,0.243,0.254,0.249,0.242,0.21,0.169,0.176,0.193,0.218,0.15,0.151,0.167,0.155,0.174,0.188,0.151,0.165,0.17,0.176,0.186,0.205,0.196,0.193,0.208,0.217,0.215,0.201,0.224,0.215,0.183,0.19,0.179,0.174
Kiribati,,,,,,,,,,,,,0.11,0.094,0.06,0.048,0.066,0.064,0.207,0.146,0.239,0.352,0.463,0.462,0.339,0.381,0.469,0.521,0.44,0.439,0.665,0.458,0.4,,,,,,,,,,,,,,,,0.123,0.163,0.143,0.182,0.275,0.318,0.299,0.416,0.34,0.298,0.317,
Kuwait,,,,,,0.158,0.177,0.213,0.18,0.191,0.121,0.0938,0.093,0.0951,0.0678,0.127,0.165,0.233,0.202,0.137,0.139,0.166,0.252,0.248,0.21,0.189,0.221,0.175,0.157,0.123,0.176,0.419,0.224,0.172,0.162,0.148,0.151,0.136,0.185,0.146,0.107,0.143,0.171,0.166,0.182,0.164,0.162,0.205,0.176,0.18,0.177,0.135,0.128,0.144,0.163,0.254,0.3,0.277,0.252,
Kyrgyz Republic,,,,,,,,,,,,,,,,,,,,,,,,,,,,0.313,0.311,0.355,0.241,0.154,0.199,0.117,0.0901,0.183,0.252,0.217,0.154,0.18,0.2,0.18,0.176,0.118,0.145,0.164,0.242,0.266,0.289,0.273,0.274,0.255,0.35,0.339,0.368,0.347,0.339,0.329,0.36,0.329
Lao,,,,,,,,,,,,,,,,,,,,,,,,,0.0618,0.0704,0.0693,0.102,0.135,,,,,,,,,,,,0.134,0.135,0.29,0.278,0.318,0.341,0.301,0.323,0.317,0.339,0.275,0.281,0.325,0.306,0.298,0.316,0.29,,,
Latvia,,,,,,,,,,,,,,,,,,,,,,,,,,,,,,,,,,,,0.157,0.19,0.211,0.257,0.222,0.245,0.28,0.28,0.301,0.329,0.35,0.391,0.414,0.352,0.221,0.2,0.254,0.262,0.241,0.232,0.226,0.208,0.219,0.23,0.221
Lebanon,,,,,,,,,,,,,,,,,,,,,,,,,,,,,,,0.313,0.293,0.293,0.31,0.367,0.365,0.348,0.292,0.284,0.228,0.204,0.228,0.187,0.192,0.231,0.23,0.205,0.243,0.28,0.269,0.249,0.268,0.248,0.276,0.249,0.222,0.227,0.214,0.208,0.184
Lesotho,0.0202,0.0392,0.0702,0.0863,0.097,0.115,0.101,0.116,0.123,0.117,0.102,0.0914,0.113,0.143,0.127,0.181,0.343,0.238,0.25,0.327,0.37,0.376,,,,,,,,,,,,,,,,,,,,,,,,,,0.238,0.274,0.292,0.308,0.249,0.34,0.321,0.342,0.309,0.268,0.267,0.297,0.321
Liberia,,,,,,,,,,,,,,,,,,,,,,,,,,,,,,,,,,,,,,,,,0.075,0.261,0.261,0.238,0.213,0.195,0.195,0.195,0.195,0.195,0.195,0.195,0.195,0.195,0.195,0.202,0.201,0.205,0.129,0.228
Libya,,,,,,,,,,,,,,,,,,,,,,,,,,,,,,,0.186,0.131,0.122,0.163,0.163,0.122,0.155,0.124,0.12,0.0948,0.118,0.107,0.135,0.194,0.116,0.0952,0.21,0.261,0.298,,,,,,,,,,,
Lithuania,,,,,,,,,,,,,,,,,,,,,,,,,,,,,,,,,,,,0.227,0.211,0.246,0.243,0.213,0.188,0.19,0.206,0.218,0.227,0.241,0.267,0.321,0.279,0.124,0.181,0.219,0.197,0.195,0.196,0.212,0.192,0.192,0.198,0.167
Luxembourg,,,,,,,,,,,0.225,0.259,0.249,0.236,0.185,0.2,0.199,0.178,0.218,0.193,0.22,0.214,0.217,0.213,0.216,0.177,0.212,0.241,0.249,0.246,0.253,0.271,0.235,0.237,0.224,0.209,0.195,0.211,0.233,0.232,0.223,0.218,0.197,0.205,0.203,0.21,0.183,0.192,0.207,0.162,0.179,0.194,0.194,0.19,0.199,0.193,0.19,0.186,0.176,0.174
Madagascar,0.0696,0.0584,0.0504,0.0676,0.0707,0.065,0.0853,0.0926,0.103,0.108,0.0991,0.112,0.0882,0.091,0.0866,0.0814,0.0813,0.0808,0.0959,0.161,0.466,0.357,0.263,0.26,0.268,0.188,0.205,0.25,0.176,0.407,0.36,0.307,0.361,0.379,0.329,0.0887,0.0953,0.102,0.122,0.123,0.119,0.145,0.11,0.137,0.212,0.193,0.203,0.265,0.387,0.372,0.27,0.234,0.202,0.165,0.165,0.16,0.164,0.158,0.196,0.219
Malawi,0.103,0.128,0.0833,0.0983,0.0769,0.14,0.174,0.135,0.161,0.184,0.257,0.192,0.244,0.224,0.273,0.337,0.263,0.247,0.384,0.302,0.247,0.176,0.214,0.228,0.129,0.186,0.125,0.173,0.214,0.246,0.23,0.202,0.199,0.152,0.291,0.174,0.123,0.116,0.135,0.147,0.136,0.149,0.123,0.129,0.138,0.171,0.2,0.231,0.232,0.245,0.228,0.124,0.12,0.127,0.12,0.122,0.108,0.132,0.109,0.123
Malaysia,0.118,0.136,0.165,0.19,0.188,0.184,0.181,0.164,0.164,0.136,0.175,0.207,0.215,0.236,0.285,0.234,0.218,0.238,0.267,0.289,0.304,0.35,0.373,0.376,0.336,0.276,0.26,0.231,0.264,0.299,0.324,0.378,0.354,0.392,0.412,0.436,0.415,0.43,0.267,0.224,0.269,0.244,0.248,0.228,0.23,0.224,0.227,0.234,0.215,0.178,0.234,0.232,0.257,0.259,0.25,0.254,0.26,0.256,0.236,0.209
Mali,,,,,,,,0.174,0.171,0.173,0.153,0.16,0.171,0.169,0.135,0.155,0.134,0.156,0.159,0.155,,,,,,0.128,0.166,0.202,0.185,0.213,0.191,0.171,0.208,0.155,0.207,0.212,0.194,0.207,0.198,0.179,0.172,0.205,0.157,0.208,0.216,0.209,0.212,0.239,0.241,0.22,0.24,0.197,0.172,0.193,0.202,0.208,0.24,0.216,0.203,0.225
Malta,,,,,,,,,,,0.3,0.266,0.229,0.203,0.249,0.216,0.252,0.238,0.215,0.234,0.226,0.248,0.289,0.275,0.265,0.258,0.234,0.252,0.264,0.272,0.306,0.29,0.253,0.274,0.281,0.311,0.276,0.244,0.222,0.216,0.283,0.197,0.165,0.192,0.192,0.213,0.213,0.21,0.217,0.208,0.236,0.194,0.179,0.19,0.177,0.246,0.239,0.192,0.191,0.2
Marshall Islands,,,,,,,,,,,,,,,,,,,,,,,,,,,,,,,,,,,,,,,,,,,,,0.173,0.183,0.282,0.254,0.199,0.366,0.404,0.217,0.103,0.222,0.198,0.175,0.191,0.232,0.234,
Mauritania,,0.247,0.302,0.184,0.0817,0.0706,0.0697,0.109,0.14,0.114,0.112,0.116,0.154,0.0438,0.0816,0.175,0.215,0.198,0.157,0.129,0.184,0.212,0.239,0.184,0.171,0.197,0.208,0.198,0.196,0.13,0.14,0.146,0.144,0.1,0.343,0.142,0.123,0.106,0.0976,0.111,0.113,0.125,0.0954,0.215,0.353,0.489,0.26,0.281,0.33,0.264,0.323,0.387,0.492,0.476,0.418,0.45,0.414,0.421,0.448,0.409
Mauritius,,,,,,,,,,,,,,,,,0.308,0.3,0.307,0.312,0.207,0.253,0.182,0.175,0.22,0.235,0.219,0.256,0.31,0.311,0.302,0.282,0.291,0.305,0.318,0.256,0.247,0.294,0.258,0.267,0.26,0.207,0.221,0.237,0.244,0.227,0.21,0.26,0.253,0.238,0.271,0.239,0.244,0.22,0.197,0.181,0.179,0.183,0.168,0.2
Mexico,0.184,0.176,0.165,0.184,0.189,0.203,0.195,0.202,0.194,0.197,0.227,0.202,0.203,0.214,0.232,0.237,0.223,0.228,0.236,0.259,0.257,0.259,0.216,0.198,0.189,0.2,0.178,0.183,0.228,0.231,0.233,0.234,0.233,0.23,0.249,0.21,0.216,0.226,0.237,0.226,0.23,0.208,0.207,0.211,0.215,0.221,0.228,0.231,0.241,0.229,0.228,0.233,0.239,0.225,0.219,0.233,0.238,0.23,0.227,0.214
"Micronesia, Fed. Sts.",,,,,,,,,,,,,,,,,,,,,,,,0.377,,,,,,,,,,,,,,,,,,,,,,,,,,,,,,,,,,,,
Moldova,,,,,,,,,,,,,,,,,,,,,,,,,,,,,,,,,,,,0.249,0.242,0.238,0.259,0.229,0.239,0.233,0.217,0.232,0.264,0.308,0.327,0.381,0.392,0.231,0.239,0.24,0.242,0.249,0.262,0.236,0.22,0.228,0.256,0.263
Mongolia,,,,,,,,,,,,,,,,,,,,,,0.7,0.702,0.58,0.578,0.628,0.639,0.508,0.468,0.478,0.291,0.31,0.257,0.211,0.191,0.268,0.262,0.25,0.305,0.317,0.29,0.252,0.246,0.323,0.312,0.375,0.359,0.387,0.436,0.344,0.421,0.582,0.559,0.533,0.352,0.264,0.257,0.314,0.396,0.359
Montenegro,,,,,,,,,,,,,,,,,,,,,,,,,,,,,,,,,,,,,,,,,0.224,0.234,0.188,0.154,0.166,0.177,0.239,0.348,0.412,0.269,0.218,0.193,0.206,0.196,0.202,0.201,0.261,0.302,0.319,0.311
Morocco,0.102,0.097,0.114,0.12,0.105,0.106,0.101,0.133,0.126,0.142,0.185,0.179,0.153,0.169,0.205,0.254,0.292,0.325,0.254,0.245,0.304,0.317,0.334,0.263,0.311,0.307,0.275,0.251,0.244,0.303,0.311,0.273,0.277,0.265,0.257,0.254,0.245,0.249,0.278,0.258,0.264,0.276,0.272,0.29,0.309,0.303,0.309,0.339,0.391,0.35,0.341,0.358,0.35,0.347,0.325,0.308,0.324,0.326,0.335,0.322
Mozambique,,,,,,,,,,,,,,,,,,,,,,,,,,,,,,,,0.32,0.327,0.339,0.238,0.379,0.194,0.183,0.281,0.582,0.438,0.346,0.421,0.335,0.276,0.229,0.217,0.182,0.187,0.147,0.179,0.288,0.495,0.54,0.529,0.412,0.466,0.332,0.49,0.439
Myanmar,,,,,,,,,,,,,,,,,,,,,,,,,,,,,,,,,,,,,,,,,,,,,,,,,0.156,0.189,0.232,0.292,0.299,0.315,0.317,0.333,0.344,0.322,0.306,
Namibia,,,,,,,,,,,,,,,,,,,,,0.239,0.231,0.183,0.171,0.132,0.0993,0.0815,0.128,0.15,0.148,0.271,0.154,0.185,0.154,0.192,0.195,0.207,0.179,0.226,0.208,0.174,0.228,0.19,0.198,0.194,0.201,0.227,0.244,0.278,0.265,0.241,0.224,0.267,0.291,0.35,0.305,0.219,0.175,0.146,0.127
Nepal,,,,,,0.0644,0.0483,0.0499,0.0569,0.0485,0.0596,0.0775,0.0733,0.0918,0.0876,0.145,0.151,0.16,0.183,0.158,0.183,0.176,0.171,0.196,0.187,0.226,0.203,0.212,0.223,0.215,0.181,0.203,0.207,0.226,0.224,0.252,0.272,0.253,0.248,0.205,0.243,0.223,0.202,0.214,0.245,0.265,0.269,0.287,0.303,0.317,0.383,0.38,0.345,0.373,0.412,0.391,0.339,0.468,0.539,0.566
Netherlands,,,,,,,,,,0.284,0.297,0.283,0.257,0.257,0.246,0.229,0.228,0.238,0.236,0.227,0.236,0.207,0.197,0.205,0.211,0.215,0.227,0.226,0.24,0.248,0.242,0.233,0.233,0.213,0.215,0.217,0.226,0.228,0.229,0.232,0.226,0.227,0.21,0.205,0.203,0.205,0.21,0.233,0.223,0.207,0.202,0.2,0.187,0.185,0.179,0.225,0.205,0.206,0.207,0.212
New Zealand,,,,,,,,,,,0.243,0.244,0.239,0.272,0.35,0.277,0.273,0.253,0.222,0.237,0.215,0.253,0.265,0.269,0.29,0.27,0.251,0.226,0.211,0.234,0.205,0.175,0.187,0.212,0.226,0.237,0.231,0.229,0.208,0.232,0.22,0.23,0.227,0.241,0.253,0.254,0.237,0.248,0.227,0.197,0.201,0.204,0.209,0.22,0.229,0.232,0.232,0.238,0.24,
Nicaragua,0.149,0.148,0.172,0.174,0.196,0.209,0.23,0.21,0.177,0.19,0.186,0.177,0.128,0.24,0.315,0.214,0.173,0.256,0.123,-0.0574,0.168,0.236,0.188,0.225,0.222,0.231,0.169,0.158,0.268,0.275,0.193,0.208,0.209,0.195,0.175,0.189,0.222,0.263,0.258,0.33,0.267,0.243,0.224,0.223,0.241,0.259,0.283,0.313,0.336,0.232,0.248,0.31,0.31,0.309,0.289,0.335,0.312,0.299,0.239,0.171
Niger,0.067,0.0691,0.0988,0.123,0.108,0.0797,0.0784,0.0867,0.0972,0.0622,0.0985,0.0778,0.111,0.149,0.151,0.143,0.142,0.197,0.23,0.258,0.281,0.203,0.206,0.125,0.0315,0.127,0.116,0.117,0.191,0.137,0.111,0.119,0.0839,0.0642,0.128,0.119,0.145,0.135,0.147,0.112,0.13,0.137,0.145,0.138,0.124,0.192,0.197,0.189,0.264,0.284,0.327,0.316,0.293,0.297,0.31,0.322,0.268,0.283,0.293,0.305
Nigeria,,,,,,,,,,,,,,,,,,,,,,0.894,0.859,0.758,0.589,0.464,0.55,0.5,0.436,0.525,0.532,0.484,0.438,0.445,0.421,0.372,0.366,0.385,0.406,0.383,0.341,0.309,0.276,0.294,0.271,0.262,0.279,0.212,0.199,0.22,0.176,0.164,0.15,0.149,0.158,0.155,0.154,0.155,0.198,
North Macedonia,,,,,,,,,,,,,,,,,,,,,,,,,,,,,,,0.178,0.168,0.147,0.152,0.147,0.197,0.191,0.199,0.212,0.187,0.219,0.174,0.208,0.179,0.21,0.198,0.214,0.237,0.279,0.257,0.245,0.269,0.289,0.288,0.303,0.304,0.325,0.323,0.319,0.341
Norway,,,,,,,,,,,0.329,0.341,0.312,0.332,0.365,0.374,0.389,0.381,0.299,0.286,0.283,0.278,0.288,0.264,0.275,0.275,0.329,0.315,0.304,0.274,0.246,0.222,0.215,0.22,0.229,0.241,0.228,0.251,0.283,0.246,0.218,0.206,0.205,0.196,0.217,0.226,0.242,0.274,0.262,0.247,0.254,0.259,0.264,0.279,0.278,0.275,0.281,0.278,0.273,0.29
Oman,,,,,,,,0.312,0.126,0.093,0.138,0.285,0.298,0.262,0.306,0.356,0.359,0.306,0.289,0.26,0.223,0.23,0.266,0.265,0.3,0.276,0.321,0.188,0.159,0.123,0.123,0.15,0.164,0.175,0.157,0.15,0.137,0.176,0.24,0.149,0.154,0.172,0.19,0.232,0.279,0.214,0.272,0.343,0.365,0.282,0.231,0.215,0.244,0.266,0.216,0.304,0.295,0.312,0.232,
Pakistan,0.135,0.141,0.155,0.184,0.21,0.227,0.189,0.19,0.161,0.151,0.158,0.155,0.14,0.128,0.132,0.164,0.175,0.183,0.17,0.171,0.177,0.188,0.193,0.188,0.183,0.183,0.188,0.191,0.18,0.189,0.189,0.19,0.201,0.207,0.194,0.185,0.19,0.179,0.177,0.156,0.176,0.174,0.161,0.167,0.164,0.177,0.193,0.188,0.192,0.175,0.158,0.141,0.151,0.15,0.146,0.157,0.157,0.162,0.173,0.156
Palau,,,,,,,,,,,,,,,,,,,,,,,,,,,,,,,,,,,,,,,,,,,,,,0.429,0.382,0.341,0.3,0.235,0.246,0.284,0.266,0.224,0.286,0.253,0.261,0.278,0.267,
Palestine,,,,,,,,,,,,,,,,,,,,,,,,,,,,,,,,,,,0.403,0.381,0.365,0.35,0.345,0.429,0.315,0.296,0.262,0.288,0.266,0.257,0.235,0.219,0.206,0.207,0.216,0.178,0.211,0.217,0.19,0.211,0.211,0.228,0.242,
Panama,0.213,0.249,0.256,0.257,0.222,0.229,0.286,0.275,0.291,0.307,0.344,0.376,0.394,0.415,0.416,0.381,0.391,0.293,0.329,0.347,0.353,0.356,0.338,0.225,0.186,0.191,0.217,0.231,0.0944,0.0773,0.211,0.241,0.298,0.311,0.337,0.38,0.404,0.388,0.411,0.39,0.365,0.267,0.238,0.287,0.283,0.278,0.294,0.36,0.423,0.314,0.382,0.386,0.437,0.44,0.443,0.428,0.405,0.417,0.413,
Papua New Guinea,0.134,0.131,0.132,0.161,0.191,0.216,0.224,0.219,0.217,0.291,0.416,0.428,0.278,0.155,0.174,0.2,0.186,0.216,0.226,0.235,0.252,0.272,0.322,0.294,0.27,0.198,0.197,0.205,0.272,0.232,0.244,0.274,0.233,0.176,0.214,0.219,0.227,0.211,0.179,0.164,0.219,0.23,0.212,0.199,0.2,,,,,,,,,,,,,,,
Paraguay,,,0.125,0.112,0.119,0.151,0.158,0.165,0.159,0.16,0.147,0.146,0.151,0.19,0.21,0.241,0.246,0.247,0.272,0.286,0.288,0.288,0.256,0.212,0.223,0.208,0.229,0.224,0.203,0.188,0.178,0.191,0.185,0.197,0.244,0.22,0.221,0.229,0.201,0.19,0.173,0.18,0.181,0.206,0.201,0.209,0.22,0.213,0.22,0.187,0.238,0.246,0.213,0.223,0.225,0.221,0.202,0.212,0.228,0.224
Peru,0.462,0.452,0.452,0.408,0.383,0.38,0.398,0.388,0.287,0.278,0.171,0.198,0.168,0.225,0.286,0.273,0.242,0.212,0.214,0.24,0.303,0.348,0.351,0.265,0.234,0.209,0.224,0.225,0.264,0.232,0.162,0.174,0.178,0.191,0.222,0.247,0.226,0.238,0.232,0.207,0.196,0.182,0.18,0.175,0.169,0.173,0.197,0.22,0.262,0.2,0.238,0.242,0.246,0.256,0.247,0.243,0.22,0.207,0.213,0.209
Philippines,0.181,0.203,0.201,0.219,0.238,0.234,0.222,0.235,0.226,0.224,0.213,0.21,0.208,0.218,0.269,0.309,0.329,0.306,0.308,0.308,0.291,0.275,0.279,0.296,0.203,0.143,0.152,0.175,0.187,0.216,0.242,0.202,0.213,0.24,0.241,0.225,0.24,0.248,0.234,0.19,0.157,0.189,0.205,0.195,0.207,0.186,0.16,0.161,0.19,0.174,0.204,0.207,0.196,0.206,0.209,0.213,0.246,0.256,0.272,0.262
Poland,,,,,,,,,,,,,,,,,,,,,,,,,,,,,,,,,,,,0.197,0.217,0.237,0.252,0.255,0.246,0.206,0.184,0.188,0.202,0.199,0.217,0.252,0.246,0.206,0.213,0.224,0.21,0.19,0.204,0.205,0.196,0.198,0.207,0.196
Portugal,,,,,,,,,,,0.281,0.261,0.287,0.313,0.297,0.195,0.248,0.301,0.316,0.306,0.34,0.358,0.354,0.293,0.231,0.214,0.232,0.274,0.305,0.283,0.277,0.257,0.249,0.221,0.23,0.242,0.244,0.265,0.283,0.29,0.288,0.282,0.259,0.231,0.238,0.234,0.229,0.231,0.236,0.208,0.211,0.186,0.157,0.146,0.153,0.159,0.158,0.172,0.181,0.189
Qatar,,,,,,,,,,,,,,,,,,,,,,,,,,,,,,,,,,,0.245,0.351,0.358,0.354,0.32,0.189,0.202,0.291,0.326,0.349,0.315,0.343,0.419,0.46,0.411,0.43,0.313,0.29,0.271,0.278,0.318,0.371,0.489,0.446,0.429,0.444
Romania,,,,,,,,,,,,,,,,,,,,,,,,,,,,,,,0.302,0.28,0.314,0.289,0.248,0.233,0.231,0.213,0.184,0.156,0.197,0.228,0.222,0.232,0.242,0.229,0.275,0.313,0.331,0.272,0.271,0.281,0.27,0.256,0.247,0.251,0.233,0.234,0.228,0.229
Russia,,,,,,,,,,,,,,,,,,,,,,,,,,,,,0.273,0.338,0.301,0.363,0.346,0.27,0.255,0.254,0.237,0.22,0.15,0.148,0.187,0.219,0.2,0.209,0.209,0.201,0.212,0.242,0.255,0.189,0.226,0.243,0.246,0.233,0.224,0.221,0.231,0.236,0.22,0.231
Rwanda,0.0605,0.0656,0.08,0.0781,0.0831,0.0981,0.0966,0.0731,0.0819,0.0662,0.0705,0.0913,0.0956,0.0943,0.105,0.137,0.138,0.151,0.166,0.12,0.161,0.133,0.178,0.135,0.158,0.173,0.159,0.157,0.145,0.134,0.146,0.14,0.156,0.167,0.0998,0.134,0.144,0.138,0.148,0.131,0.134,0.137,0.135,0.139,0.15,0.158,0.159,0.177,0.224,0.221,0.216,0.22,0.245,0.258,0.229,0.253,0.252,0.238,0.215,0.261
San Marino,,,,,,,,,,,,,,,,,,,,,,,,,,,,,,,,,,,,,,,,,,,,,,,,,,,,,,,,0.121,0.158,0.191,,
Saudi Arabia,,,,,,,,,0.276,0.245,0.224,0.24,0.202,-0.134,0.309,0.174,0.308,0.306,0.363,0.263,0.229,0.212,0.259,0.344,0.328,0.215,0.195,0.177,0.197,0.194,0.157,0.2,0.23,0.251,0.204,0.203,0.186,0.188,0.229,0.215,0.193,0.196,0.197,0.195,0.199,0.202,0.222,0.265,0.273,0.317,0.309,0.27,0.265,0.265,0.288,0.351,0.309,0.289,0.242,0.273
Senegal,,,,,,0.051,0.0654,0.0984,0.0962,0.116,0.14,0.151,0.151,0.166,0.205,0.166,0.146,0.153,0.153,0.134,0.146,0.157,0.208,0.209,0.203,0.188,0.136,0.152,0.17,0.168,0.18,0.181,0.189,0.182,0.213,0.189,0.202,0.195,0.231,0.224,0.224,0.227,0.172,0.223,0.216,0.245,0.247,0.225,0.25,0.193,0.191,0.202,0.249,0.242,0.259,0.258,0.254,0.298,0.316,0.328
Serbia,,,,,,,,,,,,,,,,,,,,,,,,,,,,,,,,,,,,0.137,0.15,0.149,0.0882,0.0711,0.0917,0.173,0.189,0.199,0.262,0.227,0.217,0.25,0.264,0.187,0.176,0.183,0.193,0.174,0.165,0.186,0.179,0.196,0.227,0.236
Seychelles,,,,,,,,,,,,,,,,,0.389,0.4,0.433,0.329,0.383,0.324,0.323,0.212,0.217,0.227,0.228,0.198,0.255,0.275,0.246,0.223,0.212,0.284,0.271,0.303,0.391,0.319,0.346,0.433,0.252,0.407,0.276,0.109,,,0.304,0.29,0.269,0.273,0.366,0.35,0.4,0.338,0.394,0.369,0.363,0.365,0.346,0.316
Sierra Leone,,,,,,,,,,,,,,,,,,,,,0.162,0.191,0.134,0.143,0.127,0.109,0.106,0.102,0.0589,0.0833,0.13,0.109,0.0837,0.0775,0.0866,0.0557,0.11,-0.0242,0.0531,0.00293,0.011,0.109,0.117,0.112,0.103,0.113,0.104,0.0945,0.0911,0.0999,0.311,0.42,0.275,0.138,0.137,0.155,0.201,0.185,0.174,
Singapore,0.113,0.115,0.155,0.173,0.198,0.217,0.217,0.219,0.246,0.283,0.382,0.401,0.409,0.389,0.445,0.388,0.396,0.352,0.379,0.421,0.45,0.448,0.463,0.465,0.469,0.411,0.366,0.365,0.334,0.341,0.357,0.34,0.355,0.372,0.329,0.339,0.35,0.382,0.315,0.327,0.352,0.276,0.251,0.172,0.229,0.215,0.224,0.231,0.302,0.274,0.277,0.267,0.293,0.3,0.294,0.254,0.267,0.274,0.255,0.249
Slovak Republic,,,,,,,,,,,,,,,,,,,,,,,,,,,,,,,0.294,0.276,0.255,0.235,0.2,0.236,0.341,0.348,0.344,0.293,0.271,0.306,0.301,0.256,0.267,0.297,0.285,0.282,0.284,0.205,0.239,0.252,0.207,0.209,0.217,0.243,0.231,0.229,0.232,0.233
Slovenia,,,,,,,,,,,,,,,,,,,,,,,,,,,,,,,0.192,0.189,0.196,0.216,0.234,0.255,0.251,0.262,0.272,0.291,0.289,0.267,0.254,0.266,0.288,0.285,0.303,0.33,0.329,0.235,0.224,0.217,0.188,0.196,0.194,0.192,0.184,0.201,0.21,0.207
Solomon Islands,,,,,,,,,,,,,,,,,,,,,0.251,0.234,0.207,0.253,0.158,0.181,0.185,0.234,0.24,0.199,0.203,,,,,,,0.0763,0.0676,0.0619,0.0663,0.0674,0.0518,0.0941,0.114,0.138,0.146,,,,,,,,,,,,,
Somalia,0.0967,0.0963,0.0968,0.0961,0.0998,0.112,0.115,0.12,0.122,0.124,0.117,0.119,0.136,0.143,0.269,0.225,0.299,0.214,0.287,0.23,0.424,0.276,0.293,0.224,0.242,0.298,0.252,0.333,0.239,0.303,0.155,,,,,,,,,,,,,,,,,,,,,,,,,,,,,
South Africa,0.219,0.209,0.198,0.24,0.253,0.273,0.248,0.274,0.254,0.262,0.286,0.31,0.265,0.267,0.3,0.323,0.304,0.297,0.267,0.274,0.314,0.341,0.265,0.272,0.255,0.22,0.21,0.178,0.212,0.227,0.194,0.19,0.168,0.152,0.177,0.192,0.18,0.177,0.18,0.17,0.164,0.157,0.163,0.171,0.185,0.183,0.202,0.21,0.232,0.207,0.195,0.197,0.2,0.212,0.205,0.209,0.192,0.188,0.179,0.176
South Korea,0.105,0.127,0.141,0.188,0.154,0.148,0.217,0.222,0.271,0.299,0.263,0.25,0.215,0.26,0.326,0.285,0.276,0.301,0.345,0.375,0.34,0.322,0.32,0.325,0.323,0.323,0.326,0.326,0.348,0.367,0.396,0.412,0.387,0.377,0.385,0.389,0.394,0.372,0.278,0.31,0.329,0.316,0.311,0.323,0.325,0.325,0.33,0.331,0.337,0.294,0.326,0.333,0.313,0.299,0.298,0.295,0.301,0.323,0.313,0.312
South Sudan,,,,,,,,,,,,,,,,,,,,,,,,,,,,,,,,,,,,,,,,,,,,,,,,,0.139,0.123,0.103,0.095,0.0711,0.114,0.0799,0.0575,,,,
Spain,,,,,,,,,,,0.284,0.261,0.273,0.287,0.318,0.301,0.284,0.264,0.242,0.236,0.244,0.227,0.226,0.217,0.206,0.208,0.217,0.232,0.253,0.267,0.268,0.26,0.241,0.215,0.217,0.225,0.222,0.226,0.239,0.255,0.266,0.265,0.267,0.275,0.283,0.294,0.306,0.304,0.285,0.233,0.223,0.206,0.184,0.172,0.179,0.19,0.188,0.194,0.204,0.208
Sri Lanka,0.142,0.173,0.153,0.17,0.144,0.125,0.143,0.152,0.159,0.193,0.189,0.171,0.173,0.137,0.157,0.156,0.162,0.144,0.2,0.258,0.338,0.278,0.308,0.289,0.258,0.238,0.237,0.233,0.228,0.217,0.222,0.229,0.243,0.256,0.27,0.257,0.242,0.244,0.251,0.273,0.28,0.22,0.233,0.22,0.253,0.268,0.28,0.28,0.276,0.244,0.304,0.334,0.391,0.332,0.323,0.312,0.279,0.316,0.304,0.274
St. Kitts and Nevis,,,,,,,,,,,,,,,,,,,,,,,,,,,,,,,,,,,,,,,,,,,,,,,,,,,,,,,0.238,0.249,0.3,0.3,0.3,0.3
Sudan,0.107,0.146,0.15,0.134,0.133,,,,,,,,,,,,0.197,0.156,0.138,0.142,0.147,0.193,0.189,0.148,0.0854,0.0949,0.144,0.151,0.0433,0.0519,0.112,0.161,0.19,0.217,0.174,0.141,0.125,0.158,0.179,0.168,0.249,0.245,0.264,0.267,0.293,0.281,0.289,0.276,0.246,0.245,0.244,0.292,0.191,0.195,0.164,0.166,0.196,0.189,0.193,0.193
Suriname,,,,,,,,,,,,,,,,,,,,,,,,,,,,,,,,,,,,,,,,,,,,,,,0.402,0.462,0.443,0.502,0.362,,,,,,,,,
Sweden,0.34,0.335,0.332,0.331,0.356,0.363,0.348,0.337,0.326,0.329,0.335,0.304,0.293,0.283,0.311,0.317,0.308,0.27,0.236,0.263,0.277,0.24,0.236,0.234,0.244,0.268,0.25,0.262,0.275,0.303,0.297,0.251,0.231,0.191,0.204,0.208,0.206,0.205,0.216,0.218,0.229,0.23,0.221,0.219,0.219,0.223,0.233,0.249,0.246,0.21,0.23,0.238,0.226,0.225,0.235,0.244,0.247,0.257,0.26,0.252
Switzerland,,,,,,,,,,,0.38,0.383,0.375,0.369,0.368,0.271,0.244,0.244,0.256,0.281,0.321,0.292,0.289,0.294,0.268,0.276,0.298,0.293,0.303,0.311,0.327,0.295,0.266,0.254,0.262,0.259,0.255,0.242,0.252,0.247,0.247,0.249,0.234,0.231,0.215,0.24,0.252,0.243,0.253,0.262,0.239,0.267,0.244,0.225,0.232,0.231,0.231,0.237,0.227,0.223
Syria,0.137,0.144,0.163,0.124,0.117,0.103,0.125,0.123,0.139,0.16,0.148,0.16,0.217,0.134,0.269,0.269,0.337,0.381,0.295,0.281,0.296,0.249,0.254,0.253,0.255,0.255,0.239,0.195,0.15,0.171,0.165,0.18,0.232,0.26,0.3,0.272,0.239,0.211,0.221,0.188,0.173,0.203,0.203,0.232,0.177,0.184,0.189,0.278,,,,,,,,,,,,
Tajikistan,,,,,,,,,,,,,,,,,,,,,,,,,,,,,,,,,,0.392,0.323,0.287,0.223,0.197,0.154,0.173,0.0941,0.164,0.093,0.0914,0.118,0.116,0.16,0.246,0.265,0.248,0.238,0.292,0.233,0.249,0.265,0.289,0.311,0.272,,
Tanzania,,,,,,,,,,,,,,,,,,,,,,,,,,,,,,,0.261,0.263,0.272,0.251,0.246,0.198,0.166,0.149,0.209,0.182,0.175,0.183,0.181,0.207,0.245,0.274,0.303,0.327,0.375,0.344,0.32,0.347,0.348,0.375,0.377,0.328,0.322,0.34,,
Thailand,0.145,0.14,0.17,0.198,0.185,0.186,0.218,0.219,0.233,0.243,0.256,0.242,0.217,0.27,0.266,0.268,0.24,0.269,0.282,0.272,0.291,0.297,0.265,0.3,0.295,0.282,0.259,0.279,0.326,0.351,0.414,0.428,0.4,0.397,0.409,0.429,0.425,0.343,0.201,0.202,0.223,0.231,0.227,0.238,0.257,0.304,0.27,0.255,0.282,0.206,0.254,0.268,0.28,0.275,0.239,0.224,0.211,0.229,0.252,0.239
Timor-Leste,,,,,,,,,,,,,,,,,,,,,,,,,,,,,,,,,,,,,,,,,0.335,0.302,0.279,0.223,0.171,0.158,0.121,0.187,0.313,0.489,0.427,0.695,0.607,0.418,0.431,0.368,0.395,0.341,0.34,
Togo,0.108,0.0806,0.102,0.128,0.201,0.224,0.164,0.126,0.11,0.132,0.151,0.189,0.207,0.217,0.164,0.277,0.249,0.343,0.527,0.488,0.284,0.238,0.213,0.206,0.15,0.166,0.188,0.176,0.16,0.165,0.266,0.171,0.157,0.0748,0.15,0.161,0.188,0.163,0.164,0.133,0.153,0.163,0.17,0.146,0.141,0.165,0.185,0.179,0.212,0.221,0.22,0.286,0.256,0.274,0.279,0.322,0.32,0.236,0.253,0.28
Tonga,,,,,,,,,,,,,,,,0.276,0.197,0.202,0.295,0.312,0.301,0.296,0.312,0.293,0.239,0.264,0.241,0.222,0.232,0.204,0.185,0.167,0.177,0.181,0.208,0.271,0.264,0.179,0.209,0.199,0.208,0.245,0.25,0.211,0.21,0.224,0.211,0.217,0.208,0.245,0.301,0.361,0.334,,,,,,,
Tunisia,,,,,,0.279,0.253,0.252,0.229,0.224,0.211,0.215,0.227,0.213,0.258,0.28,0.307,0.305,0.308,0.294,0.294,0.323,0.317,0.335,0.359,0.302,0.266,0.235,0.207,0.239,0.271,0.26,0.292,0.292,0.246,0.247,0.25,0.245,0.249,0.246,0.261,0.262,0.238,0.233,0.233,0.217,0.234,0.238,0.26,0.251,0.266,0.235,0.244,0.227,0.232,0.2,0.184,0.193,,
Turkey,0.0999,0.1,0.107,0.117,0.109,0.113,0.128,0.126,0.134,0.134,0.147,0.137,0.168,0.155,0.179,0.187,0.203,0.207,0.151,0.145,0.182,0.179,0.17,0.163,0.162,0.165,0.188,0.257,0.251,0.235,0.245,0.227,0.234,0.266,0.213,0.255,0.246,0.251,0.239,0.213,0.238,0.181,0.212,0.225,0.252,0.27,0.296,0.287,0.289,0.23,0.27,0.313,0.283,0.298,0.29,0.284,0.282,0.31,0.296,0.251
Turkmenistan,,,,,,,,,,,,,,,,,,,,,,,,,,,,0.36,0.333,0.357,0.4,0.458,,0.369,,,0.494,0.387,0.455,0.397,0.347,0.317,0.276,0.254,0.231,0.229,0.195,0.186,0.317,0.466,0.519,0.519,0.472,,,,,,,
Uganda,0.11,0.102,0.111,0.128,0.121,0.112,0.115,0.135,0.131,0.14,0.14,0.161,0.116,0.0872,0.116,0.0805,0.0625,0.0605,0.0828,0.0658,0.0615,0.0561,0.0909,0.0741,0.0814,0.0873,0.0845,0.0972,0.108,0.111,0.127,0.152,0.159,0.152,0.147,0.124,0.202,0.182,0.164,0.195,0.195,0.193,0.202,0.21,0.201,0.224,0.211,0.221,0.23,0.238,0.237,0.252,0.248,0.279,0.266,0.238,0.254,0.246,0.247,0.265
Ukraine,,,,,,,,,,,,,,,,,,,,,,,,,,,,,,,,0.263,0.345,0.363,0.353,0.267,0.227,0.214,0.208,0.175,0.196,0.254,0.235,0.256,0.246,0.263,0.288,0.328,0.325,0.199,0.209,0.224,0.217,0.185,0.134,0.159,0.217,0.199,0.186,0.126
United Arab Emirates,,,,,,,,,,,,,,,,,,,,,,,,,,,,,,,,,,,,,,,,,,0.225,0.225,0.221,0.2,0.202,0.193,0.252,0.251,0.316,0.271,0.232,0.219,0.193,0.222,0.256,0.26,0.253,0.235,0.238
United Kingdom,,,,,,,,,,,0.242,0.236,0.23,0.27,0.275,0.237,0.258,0.252,0.246,0.247,0.213,0.192,0.2,0.209,0.22,0.218,0.216,0.225,0.252,0.258,0.23,0.196,0.188,0.184,0.194,0.185,0.188,0.178,0.182,0.182,0.185,0.184,0.184,0.179,0.176,0.178,0.182,0.185,0.175,0.149,0.161,0.157,0.158,0.163,0.171,0.174,0.174,0.175,0.172,0.174
United States,,,,,,,,,,,0.214,0.219,0.226,0.233,0.227,0.203,0.22,0.235,0.248,0.251,0.233,0.243,0.221,0.223,0.251,0.242,0.237,0.236,0.228,0.225,0.215,0.201,0.201,0.204,0.213,0.213,0.217,0.224,0.23,0.234,0.237,0.222,0.217,0.217,0.227,0.234,0.235,0.226,0.211,0.178,0.187,0.191,0.2,0.204,0.208,0.211,0.204,0.207,0.21,
Uruguay,0.221,0.239,0.196,0.172,0.143,0.137,0.165,0.188,0.139,0.149,0.034,0.177,0.172,0.341,0.159,0.189,0.21,0.215,0.227,0.24,0.173,0.214,0.198,0.143,0.121,0.114,0.112,0.143,0.147,0.121,0.122,0.151,0.154,0.156,0.159,0.154,0.152,0.168,0.173,0.151,0.145,0.143,0.131,0.152,0.175,0.177,0.195,0.195,0.232,0.196,0.194,0.209,0.229,0.225,0.212,0.197,0.178,0.152,0.165,0.162
Uzbekistan,,,,,,,,,,,,,,,,,,,,,,,,,,,,,,,,,0.439,0.147,0.182,0.242,0.23,0.189,0.209,0.171,0.196,0.211,0.212,0.208,0.245,0.28,0.296,0.282,0.32,0.299,0.265,0.266,0.256,0.255,0.265,0.261,0.264,0.295,0.376,0.398
Vanuatu,,,,,,,,,,,,,,,,,,,,,,,,0.238,0.199,0.258,0.286,0.331,0.267,0.33,0.332,0.261,0.211,0.212,0.232,0.226,0.197,0.188,0.171,0.19,0.199,0.184,0.195,0.168,0.232,0.241,0.284,0.323,0.406,0.399,0.347,0.275,0.23,0.259,0.264,,,,,
Venezuela,0.246,0.238,0.24,0.223,0.29,0.28,0.273,0.269,0.325,0.34,0.365,0.362,0.378,0.354,0.291,0.374,0.416,0.503,0.519,0.382,0.299,0.278,0.313,0.142,0.169,0.179,0.203,0.238,0.271,0.123,0.0989,0.181,0.23,0.181,0.137,0.175,0.16,0.277,0.307,0.265,0.242,0.275,0.212,0.152,0.218,0.23,0.269,0.303,0.268,0.258,0.22,0.231,0.266,0.273,0.248,,,,,
Vietnam,,,,,,,,,,,,,,,,,,,,,,,,,,,0.144,0.136,0.178,0.146,0.126,0.151,0.176,0.243,0.255,0.271,0.281,0.283,0.29,0.276,0.296,0.312,0.332,0.354,0.355,0.338,0.345,0.396,0.365,0.372,0.357,0.298,0.272,0.267,0.268,0.277,0.266,0.266,0.265,0.268
Zambia,,,,,,,,,,,,,,,,,,,,,,,,,,,,,,,,,,,,,,,,,,,,,,,,,,,0.299,0.336,0.318,0.34,0.34,0.428,0.382,0.41,0.384,0.392
Zimbabwe,0.204,0.2,0.156,0.115,0.117,0.137,0.149,0.174,0.211,0.169,0.183,0.202,0.237,0.229,0.247,0.236,0.161,0.172,0.107,0.114,0.169,0.208,0.191,0.143,0.17,0.178,0.181,0.149,0.187,0.15,0.174,0.191,0.202,0.228,0.237,0.197,0.185,0.181,0.208,0.144,0.136,0.103,0.05,0.08,0.0451,0.0153,0.0157,0.0711,0.0513,0.127,0.188,0.174,0.0986,0.0921,0.0964,0.1,0.0986,0.097,0.0935,
